{
  "families": 10,
  "regimes": 12,
  "methods": 14,
  "seeds": 96,
  "horizon": 160,
  "candidate_hypotheses": 33,
  "lookahead": 6,
  "represented_admissibility_checks": 5109350400,
  "seed_rows": 161280,
  "aggregate_rows": 1680,
  "method_summary": [
    {
      "method": "point_estimate_controller",
      "method_class": "point",
      "perception_rmse": 0.03728024656885538,
      "collisions_per_seed": 93.94703385501603,
      "blocked_fraction": 0.2979917422212234,
      "false_admit_rate": 0.6079148619854604,
      "false_block_rate": 0.13341489169766693,
      "clean_success_rate": 0.0,
      "controller_utility": -2.3790940329017354,
      "admitted_fraction": 0.7020082577787767,
      "contract_width": 0.40802916666666694,
      "mode_reliability": 0.8103399999999998,
      "mean_contract_margin": -0.9068785550063507
    },
    {
      "method": "symmetric_interval_wrapper",
      "method_class": "generic",
      "perception_rmse": 0.03737341388626339,
      "collisions_per_seed": 14.757855272650854,
      "blocked_fraction": 0.7989702187958693,
      "false_admit_rate": 0.10111897545406788,
      "false_block_rate": 0.5207843020631292,
      "clean_success_rate": 0.006510416666666666,
      "controller_utility": -0.8696083348982853,
      "admitted_fraction": 0.20102978120413073,
      "contract_width": 0.7846691666666668,
      "mode_reliability": 0.8103399999999998,
      "mean_contract_margin": -0.080745916483303
    },
    {
      "method": "ellipsoid_wrapper",
      "method_class": "generic",
      "perception_rmse": 0.03726551334835559,
      "collisions_per_seed": 49.6491424561214,
      "blocked_fraction": 0.7300270836959204,
      "false_admit_rate": 0.3188449603507587,
      "false_block_rate": 0.4582682814947466,
      "clean_success_rate": 0.04010416666666668,
      "controller_utility": -1.7929585749122376,
      "admitted_fraction": 0.26997291630407905,
      "contract_width": 0.7295011666666665,
      "mode_reliability": 0.8103399999999998,
      "mean_contract_margin": -0.42677552935905283
    },
    {
      "method": "conformal_perception_wrapper",
      "method_class": "generic",
      "perception_rmse": 0.037267808158327115,
      "collisions_per_seed": 10.939946322050417,
      "blocked_fraction": 0.8305957115548227,
      "false_admit_rate": 0.07725704451281507,
      "false_block_rate": 0.5510699766461502,
      "clean_success_rate": 0.0,
      "controller_utility": -0.8086275209154346,
      "admitted_fraction": 0.16940428844517713,
      "contract_width": 0.8110371666666659,
      "mode_reliability": 0.8103399999999998,
      "mean_contract_margin": 0.0129188891693094
    },
    {
      "method": "semantic_confidence_gate",
      "method_class": "semantic",
      "perception_rmse": 0.03725656343601857,
      "collisions_per_seed": 57.780716545769636,
      "blocked_fraction": 0.5863283498472825,
      "false_admit_rate": 0.37695883397114455,
      "false_block_rate": 0.340750143902261,
      "clean_success_rate": 0.03689236111111111,
      "controller_utility": -1.7959066664090455,
      "admitted_fraction": 0.41367165015271745,
      "contract_width": 0.6165411666666665,
      "mode_reliability": 0.8103399999999998,
      "mean_contract_margin": -0.5361173127187456
    },
    {
      "method": "cbf_generic_uncertainty",
      "method_class": "filter",
      "perception_rmse": 0.037241001554188614,
      "collisions_per_seed": 35.90720415232966,
      "blocked_fraction": 0.6909775871431224,
      "false_admit_rate": 0.23319434389227084,
      "false_block_rate": 0.4267275394180344,
      "clean_success_rate": 0.16032986111111114,
      "controller_utility": -1.2836013675006888,
      "admitted_fraction": 0.3090224128568771,
      "contract_width": 0.6933091666666668,
      "mode_reliability": 0.8103399999999998,
      "mean_contract_margin": -0.11812320780565069
    },
    {
      "method": "mpc_generic_uncertainty",
      "method_class": "filter",
      "perception_rmse": 0.037241001554188614,
      "collisions_per_seed": 37.806099325259055,
      "blocked_fraction": 0.6241269204764562,
      "false_admit_rate": 0.24593434078286908,
      "false_block_rate": 0.3711824983096966,
      "clean_success_rate": 0.16666666666666666,
      "controller_utility": -1.18280718268857,
      "admitted_fraction": 0.3758730795235437,
      "contract_width": 0.6404771666666669,
      "mode_reliability": 0.8103399999999998,
      "mean_contract_margin": -0.16281058156931652
    },
    {
      "method": "fixed_controller_relative_contract",
      "method_class": "contract",
      "perception_rmse": 0.037228990310929744,
      "collisions_per_seed": 26.97895179254982,
      "blocked_fraction": 0.4919015127173695,
      "false_admit_rate": 0.1805494650601408,
      "false_block_rate": 0.27293844544835605,
      "clean_success_rate": 0.3116319444444445,
      "controller_utility": -0.6357146056403992,
      "admitted_fraction": 0.5080984872826303,
      "contract_width": 0.5198371666666667,
      "mode_reliability": 0.8103399999999998,
      "mean_contract_margin": 0.06346319675756157
    },
    {
      "method": "adaptive_mode_calibrated_contract",
      "method_class": "contract",
      "perception_rmse": 0.03727867212805051,
      "collisions_per_seed": 7.248355837622861,
      "blocked_fraction": 0.52301113840435,
      "false_admit_rate": 0.054184603985142875,
      "false_block_rate": 0.2976120728867622,
      "clean_success_rate": 0.7225694444444444,
      "controller_utility": -0.04732204553728438,
      "admitted_fraction": 0.47698886159565024,
      "contract_width": 0.5364771666666669,
      "mode_reliability": 0.8103399999999998,
      "mean_contract_margin": 0.3579693739195993
    },
    {
      "method": "robust_one_sided_contract",
      "method_class": "contract",
      "perception_rmse": 0.03728024656885538,
      "collisions_per_seed": 4.7661651160485645,
      "blocked_fraction": 0.6981437412527983,
      "false_admit_rate": 0.03867091197530353,
      "false_block_rate": 0.4437284627581672,
      "clean_success_rate": 0.19583333333333333,
      "controller_utility": -0.27758037000639196,
      "admitted_fraction": 0.301856258747201,
      "contract_width": 0.670749166666667,
      "mode_reliability": 0.8103399999999998,
      "mean_contract_margin": 0.48150959760725687
    },
    {
      "method": "risk_budgeted_contract",
      "method_class": "contract",
      "perception_rmse": 0.037261956129639694,
      "collisions_per_seed": 5.364926752238074,
      "blocked_fraction": 0.5735101916485004,
      "false_admit_rate": 0.04241317220148798,
      "false_block_rate": 0.33828162457152533,
      "clean_success_rate": 0.6186631944444444,
      "controller_utility": -0.08440019554698092,
      "admitted_fraction": 0.4264898083514995,
      "contract_width": 0.5748131666666669,
      "mode_reliability": 0.8103399999999998,
      "mean_contract_margin": 0.3924406067217315
    },
    {
      "method": "residual_calibrated_contract",
      "method_class": "contract",
      "perception_rmse": 0.037267808158327115,
      "collisions_per_seed": 6.790651513789282,
      "blocked_fraction": 0.5023055668961862,
      "false_admit_rate": 0.051323951961183015,
      "false_block_rate": 0.28195250714459746,
      "clean_success_rate": 0.765798611111111,
      "controller_utility": 0.010175171826376755,
      "admitted_fraction": 0.49769443310381367,
      "contract_width": 0.5196451666666668,
      "mode_reliability": 0.8103399999999998,
      "mean_contract_margin": 0.40262497500307765
    },
    {
      "method": "overconfident_controller_relative_contract",
      "method_class": "contract",
      "perception_rmse": 0.03728152125379014,
      "collisions_per_seed": 80.41771948047881,
      "blocked_fraction": 0.3189338274236537,
      "false_admit_rate": 0.5471746676120806,
      "false_block_rate": 0.15422606444481937,
      "clean_success_rate": 0.03090277777777778,
      "controller_utility": -2.012665910140046,